{"cameraMode":{"drawMode":0,"name":"Shaded","section":"Shading Mode"},"sceneLighting":true,"audioPlay":false,"sceneViewState":{"m_AlwaysRefresh":false,"showFog":true,"showSkybox":true,"showFlares":true,"showImageEffects":true,"showParticleSystems":true,"showVisualEffectGraphs":true,"m_FxEnabled":true},"in2DMode":false,"pivot":{"x":11.557356834411621,"y":1.6384696960449219,"z":14.50985050201416},"rotation":{"x":0.19479818642139436,"y":0.4568847119808197,"z":-0.1032775491476059,"w":0.8617647886276245},"size":12.592437744140625,"orthographic":false}